review,sentiment
转录 服务公司 Rev 曝 隐私 丑闻 万 员工 可 访问 客户 数据 ,0
联想集团 CEO 杨元庆 我 OUT 了 后 才 是 智能 消费 担当 ,1
等 了 天高瓴 格力 宣布 延后 签约 ,0
工信部 印发 携号 转网 服务 管理 规定 月 起 施行 ,1
全球 赛队 踏上 G 研发 竞技场 G 将 在 年 左右 出现 ,1
据悉 贝佐斯 曾 致电 布隆 伯格 谈及 明年 总统大选 事宜 ,1
环球时报 美国 撼 华为 难 又 怎能 搞垮 中国 供应链 ,1
市场监管 总局 加强 双 网络 集中 促销 期间 市场监管 ,1
丁肇中 中国 有 很多 世界 一流 实验 物理 科学家 ,1
工信部 张峰 工业 App 数近 个 工业 互联网 进 快车道 ,1
家电 商 平台 已下 架 电子 烟 线下 也 将 开展 清查 整治 ,1
特斯拉 中国 是 除 北美 外 最大 单一 市场 将 不断 加大 投入 ,1
特斯拉 与 宁德时代 达成 初步 电池 供应 协议 ,1
报告 称 使用 电子 烟 的 美国 高中生 人数 仍 在 增加 ,0
威马 汽车 全资 收购 北京 金凯 鸿达 汽车 租赁 公司 ,1
支付 业 躺 着 挣钱 的 时代 结束 支付 机构 服务 下沉 ,0
云 从 科技 工商 变更 创始人 周曦 卸任 法人 经理 董事 ,0
价值 万元 国画 快递 中 受损 快递 公司 只能 赔元 ,0
中小学 人工智能 普及教育 将 为 人工智能 时代 奠基 ,1
联想 周年 杨元庆 发 内部 信 年收入 已 超过 亿元 ,1
河南 一 法院 执行 案 尾号 手机号 拍出 近 万 ,1
中国 力争 本世纪 中叶 建成 地 月 空间 经济区 ,1
马斯克 回应 质疑 SpaceX 或 在 年底 送 宇航员 到 空间站 ,1
Twitter 承认 用户 安全 数据 或 被 用于 广告 目的 ,0
中国 市场 对于 NBA 来说 没 那么 重要 吗 ,0
美国 研制 瞬间 自毁 聚合物 固态 快速 过渡 至 分解 ,1
被 华为 起诉 的 传音 股价 暴跌 可 忧患 远不止 如此 ,0
美 芯片 巨头 失去 华为 我们 好难 ,1
苏宁 体育 完成 超 裁员 并 重启 与 阿里 整合 谈判 ,1
美国 电子 烟 神秘 肺病 病例 一周 激增 已致 人 死亡 ,0
苏宁易购 正式 收购 家乐福 将 加速 快消 领域 布局 ,1
人民日报 海外版 大兴 机场 探路 G 智慧 出行 ,1
Arm 中国 吴雄昂 从未 对华 为断 供 后续 架构 继续 供货 ,1
威马 EX 汽车 起火 官方 称 正在 配合 调查 事故 原因 ,0
工信部 VPN 规定 不会 影响 国内外 企业 合规 开展 跨境 业务 ,1
iPhone 系列 渠道 价 出炉 绿色 最高 溢价 元 ,0
台积 电向 应用 材料 等 公司 订购 价值 约 亿元 设备 ,1
袁隆平 团队 又 出手 国内 首个 海 水稻 寒地 育种 站 设立 ,1
俄 病毒 研究所 爆炸 实验室 存有 天花 病毒 官方 称 没有 危险物 泄露 ,0
扎克 伯格 将 在 华盛顿 会晤 美 议员 讨论 互联网 监管 问题 ,1
特斯拉 在 德 挑战 保时捷 创造 电动车 最快 速度 记录 ,1
科技部 鼓励 设立 科技类 民办非 企业 单位 ,1
比尔盖茨 分拆 科技 巨头 不是 个 好 主意 ,0
滴滴 与 丰田 合资 公司 正式 成立 定名 丰桔 出行 ,1
特斯拉 拟 在 投产 前 扩建 上海 工厂 为 电池 生产 做 准备 ,1
美国 拟 允许 特斯拉 等 电动汽车 加入 多种 警报声 ,1
向 G 过渡 高通 收购 与 TDK 公司 权益 总价值 亿美元 ,1
国家 制造 强国 建设 专家 主 论坛 即将 在 合肥 举办 ,1
宣布 退休 的 第一 时间 我们 独家 专访 了 马云 ,1
特斯拉 明年 可能 推新 电池 可 行驶 万公里 ,1
人民日报 G 将 成为 文艺 创造 新 沃土 ,1
从马 老师 回归 马 老师 岁 马云 卸任 阿里 董事局 主席 ,1
比 隐私 滥用 更 可怕 的 是 AI 摄像头 的 黑灰产 之困 ,0
国际 第三代 半导体 专业 赛 长三角 赛区 决赛 颁奖典礼 在 张家港 举行 ,1
国际 第三代 半导体 专业 赛 长三角 赛区 张家港 决赛 圆满结束 ,1
首例 太空 犯罪行为 出现 了 ,0
共享 经济 涨价 潮 从 疯狂 烧钱 到 续命 ,0
第七届 中国 绵阳 科博会 第一届 新型 智慧 城市 发展 论坛 在 四川 绵阳 隆重召开 ,1
Nature 封面 社交 网络 影响 集体 决策 或 改变 选举 结果 ,0
我国 科学家 实现 原子级 石墨 烯 可控 折叠 属 世界 首次 ,1
这篇 科学论文 带来 了 治愈 艾滋病 的 曙光 ,1
运营商 预计 ARVR 等 高清 视频 将成 G 第一波 应用 ,1
三星 集成 G 处理器 Exynos 集成 G 基带 ,1
中国 天眼 近日 探测 到 快速 射电 暴 多次重复 爆发 ,1
科学家 发现 一种 新 形式 光波 季亚科 诺夫 福格特 波 ,1
天时地利人和 GAI 促进 手机 智慧 升级 ,1
华为 中国移动 发布 G 立体 覆盖 网络 推进 G 无缝 覆盖 ,1
暴风集团 公告 法定代表 人 冯鑫 被 批准逮捕 ,0
格力 易主 迎来 终极 PK 高瓴 厚朴 展开 亿 角逐 ,1
人民日报 海外版 智慧 医疗 未来 已来 ,1
同程 艺龙 联席 董事长 吴志祥 抛售 股份 套现 万港元 ,0
郭 明 錤 华为 中国 市占率 将 达 G 手机 出货 亿部 ,1
让 科学 跑 赢 谣言 科学 辟谣 平台 正式 启动 ,1
人工智能 深度 赋能 金融 科技 风口 呼唤 领军 人才 ,1
一 公斤 美元 马斯克 把 小 卫星 发射 费 降到 白菜价 ,1
国产 操作系统 往事 四十年 激变 终再 起风云 ,1
中国 企业 强 发布 华为 排名第 阿里 联想 ,1
特斯拉 全系 免征 购置税 马斯克 这趟 中国 出差 来得 值 ,1
杰 和 科技 携手 京东 云 参展 重庆 智 博会 GDSM 智慧 商显 管理系统 惊艳 亮相 ,1
济南 先行 区 京东 创新 创业 大赛 济南 赛区 复赛 成功 举办 ,1
省 自贸区 总体方案 出炉 上市公司 将 迎来 重大 机遇 ,1
格芯 起诉 台积 电 侵权 苹果 联想 等 受 牵连 ,0
旷视 冲刺 IPOAI 独角兽 的 无限 游戏 ,1
人类 DNA 是 垃圾 但 它们 具有 至关重要 的 作用 ,1
科大讯飞 回应 亿 政府 补助 不会 靠 政府 补助 来 运营 ,1
岁 以下 儿童 注意 长期 使用 电子产品 面临 六大 伤害 ,0
特斯拉 据悉 与 LG 化学 达成协议 为 其 中国 工厂 采购 电池 ,1
金山 云 Q 营收 亿 同比 增占 金山 软件 总营收 ,1
云 平台 网络 威胁 加剧 工业 互联网 成 网络攻击 重点 目标 ,0
三星电子 占 韩国 上半年 出口额 ,0
中 金 下调 联想集团 目标价 至 港元 后者 盘中 下跌 ,0
微软 更新 隐私 政策 承认 聘请 供应商 收听 语音 数据 ,0
联想 第一季度 股东 应 占 净利润 亿美元 超出 预期 ,1
年 美国 专利 数量 公布 IBM 夺 榜首 华为 排第 ,1
三星电子 找到 代替 渠道 从 比利时 采购 半导体 材料 ,1
加油站 能否 扫码 支付 应有 统一 规范 ,1
鸿蒙 系统 正式 亮相 华为 手机 随时 可以 使用 ,1
深圳 区块 链 电子 发票 已有 超家 企业 使用 ,1
第届 科学仪器 网络 原创 作品 大赛 征稿 通知 ,1
虚拟 细胞 或 将 改变 一个 领域 ,1
十年一剑 大亚湾 中微子 实验 令 世界 瞩目 ,1
首艘 猎户座 组装 完成 年内 载人 登月 ,1
蚂蚁 金服 联姻 全球 最大 公募 Vanguard 回应 不予置评 ,0
中国科大 等 实现 海森堡 极限 精度 的 一般 信道 参数 测量 ,1
大连 应急 救援 无人机 测试 大疆 表现 惊艳 连获 三项 第一 ,1
统计学 诺贝尔奖 授予 R 语言 软件 工程师 ,1
国家邮政局 月 中国 快递 发展 指数 同比 提高 ,1
SpaceX 宣布 火箭 拼车 发射 项目 万美元 可送 卫星 上天 ,1
科学 中国 科学家 对美 日渐 增长 反华 情绪 感到 震惊 ,0
人 中科院 院士 增选 初步 候选人 名单 公布 ,1
字节 跳动 瞄准 百度 铁饭碗 上 万台 机器 已 在 运作 ,1
英特尔 已 申请 向 华为 供货 的 许可证 ,1
本田 汽车 云端 数据库 未设 密码 全球 员工 信息 险遭 泄露 ,0
科学家 首次 创造 出 永磁 液体 可变 多种 形状 操控 下 移动 ,1
暴风 的 失控 冯鑫 一语 成 箴 ,0
格力 举报 奥克斯 后 被 曝 自家 空调 不 达标 声明 称 是 曲解 ,0
华为 智慧 屏来 了 将 使用 鸿蒙 系统 和 自研 芯片 月 发布 ,1
马斯克 隧道 公司 Boring 融资 亿美元 为 首次 外部 投资 ,1
阿里 飞天 大 数据 平台 正式 亮相 国内 最大 计算 平台 ,1
被 FTC 罚款 后 Facebook 被 美国 证监会 罚款 亿美元 ,0
特斯拉 联合 创始人 兼 CTO 将 离职 此前 地位 仅次于 马斯克 ,0
华为 最高 万 年薪 招 顶尖 学多为 人工智能 等 领域 ,1
美 司法部 拟 调查 大型 科技 公司 涉及 反垄断 问题 ,1
海关总署 上半年 全国 跨境 电商 进口货 值超 亿元 ,1
马斯克 星舟 重型 运载火箭 将 安装 台 发动机 ,1
工信部 中国 市场 已有 约款 G 手机 可 上市 ,1
国家 网信 办 等 四 部门 发布 云 计算 服务 安全 评估 办法 ,1
紫光 展锐 荣获 G 突出 贡献奖 G 芯片 可 支持 SA 和 NAS ,1
特斯拉 招聘 个 职位 约 人 竞争 堪比 公务员 考试 ,1
法国 财长 将 维持 对 互联网 巨头 征收 数字 服务 税 ,1
特斯拉 冲击波 将 至 国产 版 Model 的 围剿 与 反 围剿 ,1
苹果 首席 合规 官 我们 的 生态系统 好 大家 才能 更好 ,1
华为 董事长 谈 美国 封杀 影响 上半年 营收 保持 了 增长 ,1
商务部 不 可靠 实体 清单 将 于 近期 发布 ,0
上海 公安网 安 依法 对家 违规 App 运营 企业 处以 停机 整顿 ,0
FB 员工 平均 每年 创造 利润 万美元 但 薪资 不是 最高 ,1
特斯拉 推 全自动 驾驶 后 将 大幅 涨价 要 买 赶紧 ,0
微软 帐户 两年 内 不 活跃 将 被 删除 且 不会 发送 提醒 邮件 ,0
中国 超算 顶天立地 四十年 累计 拿下 次 世界 第一 ,1
发展 人工智能 芯片 中国 不能 偏科 ,1
划 重点 成都 电子信息 博览会 精彩 看点 ,1
网络安全 合规 和 数据保护 实践 国际 峰会 ,1
百度 官方 回应 李彦宏 遭 泼水 前行 的 决心 不会 改变 ,1
美众议院 议员 致信 FB 领导层 要求 立即 停止 Libra 项目 ,0
工业 富联 G 产品 已卖 几十万 台 股价 受多 因素 影响 ,1
工信部 与 微信 推婴配 乳粉 追溯 小 程序 涉 亿条 信息 ,0
特朗普 称美 企可 继续 供货 华为 华为 官 推 U 型 转弯 ,0
紫光 集团 宣布 组建 DRAM 事业 群 ,1
首席 设计 官 离职 苹果 盘后 一度 跌 超市 值损 亿美元 ,0
传 苹果 未 采购 足量 OLED 面板 面临 三星 数千 亿韩元 索赔 ,0
富士康 辟谣 撤离 大陆 一说 是 无稽之谈 无 大规模 裁员 ,0
特斯拉 获得 豁免 从 日本 进口 铝暂 不 交纳 关税 ,1
加拿大 孟晚 舟 律师 指出 放弃 对 孟晚 舟 引渡 符合 加 利益 ,0
联邦快递 被 点名 后 起诉 美国商务部 我们 不是 执法 机构 ,0
国际清算银行 科技 巨头 从事 金融业务 应 接受 同样 监管 ,1
为什么 苏宁 比永辉 更 需要 家乐福 ,1
盖茨 透露 自己 曾 犯下 亿美元 的 错 给 了 安卓 机会 ,0
明确 反对 关税 四家 美国 科技 巨头 发布 联合声明 ,1
美国 议员 拟 立法 阻止 华为 依法 维权 外交部 回应 ,0
传 特斯拉 重组 亚洲 业务 将 建立 大中华区 部门 ,1
董明珠 举报 奥克斯 非 竞争 是 道德 选择 格力 欢迎 监督 ,1
爱因斯坦 和 诺贝尔奖 的 恩怨 ,1
搅局 中国 零售 Costco 面前 的 三道坎 ,0
苹果 CEO 库克 前往 白宫 参加 就业 培训 讨论 ,1
马斯克 特斯拉 可能 会 进入 采矿业 以 确保 电池 充足 ,1
呼和浩特 施援 贾跃亭 为 意向 阶段 FF 对 合作 造车 缄默 ,0
马斯克 称 曾经 设计 过 潜水 车 灵感 来自 电影 ,1
苗圩 人工智能 是 引领 未来 发展 的 战略性 技术 ,1
工商银行 正式 推出 首家 基于 G 应用 的 新型 智能网 点 ,1
深圳 互金 协会 推出 PP 网贷 机构 良性 退出 投票系统 ,0
三星电子 高管 被 逮捕 涉嫌 销毁 生物 技术 公司 欺诈 证据 ,0
国产 特斯拉 开订 万 一辆 能否 拯救 困局 ,0
蔚来 李斌 的 三重 考验 销量 资金 效率 ,0
刚刚 IEEE 发声明 承认 限制 华为 人 参与 论文 审稿 ,0
中兴 腾讯 开展 G 网络 合作 将 成立 联合 创新 实验室 ,1
美 FTC 委员 将 鼓励 高院 重新考虑 高通 反垄断 案 裁决 ,1
年 亚太地区 AI 支出 预计 达 亿美元 中国 增长 最大 ,1
微软 等 致信 美国政府 封杀 中国 企业 将 引火烧身 ,0
五大 标准 组织 暂停 华为 成员 资格 ,0
搭 上 工业 互联网 新 动能 加速 成长 ,1
科大讯飞 与 华为 类似 从 ToB 到 ToC 能 坐 十年 冷板凳 ,0
格力 神秘 潜在 接盘 者 厚朴 投资 蘑菇 街 小米 均 获 高回报 ,1
美国 打 华为 疼 的 是 苹果 ,0
德 芯片 厂商 否认 停供 华为 大多数 产品 不 受 美国 限制 ,1
海康威视 遭遇 美国 断供 回应 暂时 未 接到 消息 ,0
美国 封杀 华为 导致 自身 混乱 美欧 芯片 股 大跌 ,1
任正非 中国 将来 要 和 美国 竞赛 一定 是 通过 教育 ,1
任正非 称 不会 听命于 美国政府 华为 已 做好 准备 ,1
马斯克 SpaceX 有 充足 资金 运营 卫星 上网 服务 ,1
特斯拉 太阳能 工厂 以 出口 为主 美国 业务 陷 困境 ,1
英特尔 再 爆 安全漏洞 可 将 部分 芯片 速度 拖慢 近 ,0
英 伟达 中国区 总经理 瞄准 内容 创造者 是 PC 品牌 机会 ,1
日本 显示器 考虑 在 中资 财团 投资 前提 下 裁员 人 ,0
东芝 半导体 部门 将 进一步 裁员 人 ,0
华为 将 发布 新云 计算 数据库 产品 挑战 甲骨文 微软 ,1
百度 Apollo 自动 驾驶 与 车路 协同 项目 落户 沧州 ,1
乐视 汽车 旗下 公司 注销 贾跃亭 亲属 为 实际 控制 人 ,0
格力 全资 子公司 注册资本 增至 亿 增加 ,1
甲骨文 大象 转身 云 服务 亡羊补牢 ,0
三星 多个 项目 代码 泄露 包括 SmartThings 源代码 和 密钥 ,0
微软 推出 新 平台 以 打造 自主 机器人 ,1
云 服务 成 微软 Build 大会 焦点 多项 新 功能 挑战 亚马逊 ,1
库克 我 对 巴菲特 持有 巨额 苹果 股票 感到 很 激动 ,1
第二届 数字 中国 建设 成果 展开 馆 ,1
人民日报 科技成果 转化 呼唤 专业 红娘 ,1
巴菲特 进军 车险 的 特斯拉 是 威胁 但 非 最大 竞争对手 ,0
中国 制造 到 中国 品牌 曾经 排队 买 苹果 如今 排队 购 华为 ,1
VEX 机器人 世界 锦标赛 赛程 过半 中国队 实力 包揽 初高中 组 冠军 ,1
比尔盖茨 基金会 将 在 我 和 妻子 去世 后 年内 关闭 ,0
锤子 回应 坚果 OS 官方 微博 账号 现已 停用 ,0
丰田 在 美国 的 车 联网 普及 计划 正 遭遇 重重 阻力 ,0
格力 待嫁 股权 转让 扑朔迷离 珠海 国资委 称 方向 正确 ,0
惠普 黯淡 背后 CEO 换血 频繁 拆分 结构 混乱 ,0
多 部门 整治 图片 市场 整治 图片 公司 滥用 权利 等 行为 ,1
我 体验 了 下 G 手机 问 了 问 G 距离 普通人 究竟 还 多 远 ,0
国家航天局 中国 年 或 将 实现 载人 登月 ,1
人工智能 破译 神经 活动 脑机 接口 说出 无言 心声 ,1
拉 卡拉 正式 上市 开盘价 元大涨 ,1
年 中国航天 日 主场 活动 长沙 开幕 ,1
贾跃亭 投资 的 汽车 公司 任命 特斯拉 前 首席 工程师 为 CEO ,1
刘强 东案 音视频 机构 媒体 的 堕落 与 溃败 ,0
中国 明年 将 实施 嫦娥 号 任务 实现 月面 自动 采样 返回 ,1
第二届 中国航天 创新 创业 大赛 决赛 在 西安 举办 ,1
郭台铭 参选 台 金管会 要求 做好 接班人 咨询 揭露 ,0
TESS 望远镜 发现 首颗 地球 大小 系 外行星 或 有 大气层 ,1
SpaceX 向 FCC 申请 互联网 卫星通信 许可 ,1
福 维克 美善 品三大 措施 发力 中国 市场 ,1
市监 总局 等 六 部门 加大 对 侵犯 知识产权 行为 查处 力度 ,1
中国 企业 拟 增产 OLED 面板 追赶 韩国 ,1
大兴 机场 新 员工 将 上岗 智能 城市 渐行 渐近 ,1
金山 软件 股东 变更 联想 等位 股东 同日 退出 ,0
视觉中国 被 打 脸 了 ,0
拜腾 否认 董事长 毕福康 将 离职 报道 情况 与 事实 不符 ,0
国美 等待 黄光裕 这句 话 内涵 实在太 丰富 ,0
G 推动 边缘 计算 应用 进入 快速 发展期 CDN 市场 将 高 增长 ,1
机器 换人 成 用工 趋势 佛山 工业 机器人 产业 的 竞合 江湖 ,1
三星 全球 首发 G 智能手机 开创 智能 生活 新 时代 ,1
高通 宣布 新型 数据中心 人工智能 芯片 计划 年 生产 ,1
今晚 人类 将 看见 黑洞 ,1
菲亚特 斥资 数亿美元 向 特斯拉 购买 碳 排放 额度 ,1
美国 SEC 官员 要求 法官 处罚 马斯克 是 合理要求 ,0
避免 人工智能 陷入 信任危机 欧盟 先发制人 制定 规则 ,1
华大基因 谜团 待解 一纸 监管 决定 暴露 信披 漏洞 ,0
特斯拉 针对 销售 团队 展开 裁员 订车 流程 转移 到线 上 ,0
马斯克 被 曝 与 员工 发生 肢体冲突 特斯拉 董事会 否认 ,0
微软 中国 突围 强手如林 内忧外患 ,0
微软 重视 人工智能 CEO 每周 组织 高管 评估 公司 AI 项目 ,1
国家邮政局 月 中国 快递 发展 指数 同比 提高 ,1
高通 CFO 前脚 离职 后脚 加入 对家 英特尔 ,0
神州数码 去年 云 收入 近 亿 郭为 称 百亿 才 算 转型 成功 ,1
无人驾驶 公司 AuroraCEO 愿 与 宝马 戴姆勒 合作 ,1
硅谷 著名 风投 AZ 宣布 转型 将 成为 投资 顾问 机构 ,1
国美 系低 开国 美 通讯 跌 中关村 跌 ,0
微软 亚太区 总裁 中国 发展 AI 有 优势 上海 是 创新 代表 ,1
高通 前 CEO 放弃 收购 高通 及 私有化 将 专注 创业 ,0
图灵奖 获得者 YoshuaBengio 抵制 杀手 机器人 ,1
拟 亿 购买 吴晓波 频道 全通教育 被 深交所 追问 ,0
余承东 接受 外媒 专访 我们 的 G 技术 遥遥领先 ,1
巴菲特 波音 Max 的 问题 不会 改变 这个 行业 ,0
巴菲特 评 苹果 进军 娱乐 这是 可以 犯 一两次 错误 的 公司 ,0
鏖战 印度 三星 跌下 神坛 后 再战 中国 厂商 组队 厮杀 ,0
WTO 裁定 美国 未能 撤销 一些 针对 波音 的 非法 补贴 ,0
特朗普 谷歌 总裁 向 我 保证 忠于 美军 而 非 中国 军队 ,0
马斯克 一个月 内 两度 发邮件 解释 特斯拉 关闭 门店 计划 ,0
美航 飞行员 呼吁 审批 波音 Max 软件 更新 时勿 操之过急 ,1
波音 又 出事 了 西南航空 波音 Max 在 奥兰多 紧急 迫降 ,0
苹果 在 高通 针对 其 提出 的 第二 起 诉讼 中 躲过 了 进口 禁令 ,0
甲骨文 计划 月份 裁员 人 调整 云 计算 战略 ,0
新能源 车 补贴 政策 调整 好 钢用 在 刀刃 上 ,1
民航局 暂停 受理 MAX 飞机 适航证 申请 意味着 什么 ,0
麦当劳 宣布 最 大规模 收购 创建 更 个性化 汽车 餐厅 菜单 ,1
比特 大陆 架构 调整 王海 超任 CEO 聚焦 数字 货币 AI 芯片 ,1
腾讯 云 详解 服务器 故障 光纤 挖断 所致 秒 恢复 网络 ,0
盗 万条 个人信息 叫价 比特 币网 偷 被 警方 抓获 ,0
人工智能 全球 竞赛 中国 智能 高速 冲浪 ,1
人民日报 智能 更应 重视 安全 挑战 ,1
五个 月 两起 坠机 事故 是 垄断 地位 害 了 波音 吗 ,0
世卫 呼吁 建立 人类基因 编辑 全球 注册 制度 ,1
戒酒 只要 秒 这群 科学家 用 了 什么 黑 科技 ,1
富士康 宣布 威斯康星 工厂 将 于 年底 之前 投产 ,1
世界知识产权组织 国际 专利申请 量 华为 第一 ,1
SEC 对 马斯克 在 达成协议 时 发布 特斯拉 推文 感到 震惊 ,0
美政府 联合 英特尔 开发 每秒 百亿 亿次 计算 的 超级计算机 ,1
波音 正在 对 Max 进行 软件 升级 改善 飞行员 培训 计划 ,1
传 特朗普 私下 认为 自动 驾驶 威胁 社会 太 疯狂 了 ,0
美国 法官 裁决 高通 欠 苹果 亿美元 专利费 退款 ,0
中国 信通 院 院长 刘多 新型 基础 投资 建设 助力 稳 增长 ,1
特斯拉 任命 新 首席 会计 官 曾 供职 于 SolarCity ,1
美国 研究 机构 到 年 中国 AI 研究 有望 领跑 全球 ,1
因 起火 隐患 惠普 扩大 笔记本 电池 召回 范围 ,0
京东方 力求 成为 下一代 iPhone 屏幕 第二家 供应商 ,1
马斯克 推文 风波 仍 继续 法官 允许 SEC 回应 马斯克 抗辩 ,0
特斯拉 车主 仍 喜欢 该 品牌 但 最大 问题 是 服务 ,0
最后 期限 已近 马斯克 仍未 回应 SEC 藐视 法庭 指控 ,0
张勇 不再 担任 阿里 创投 管理 公司法人 戴珊 接任 ,0
上市 后首现 利润 下滑 顺丰控股 长远 布局 需忍 短期 阵痛 ,0
马斯克 那 一夜 你 伤害 了 我 ,0
文件 特斯拉 与 中国 多家 银行 达成 亿元 贷款 协议 ,1
华为 有 证据 表明 美国政府 涉嫌 入侵 华为 服务器 ,0
彭博 三星 否认 考虑 竞购 恩智浦 ,1
黑猫 投诉 年度 红黑榜 共享 出行 企业 领跑 黑榜 ,0
特斯拉 称 已 与 中国海关 达成 清关 问题 的 解决方案 ,1
李斌 证实 蔚来 汽车 确定 取消 嘉定 建厂 计划 ,0
软银 愿景 基金 贷款 亿美元 弥补 交易 资金 缺口 ,0
李克强 深入 实施 创新 驱动 发展 战略 创新能力 效率 提升 ,1
法国 财长 对谷歌 等 巨头 征税 每年 或 将 获 亿 欧元 收入 ,1
滴滴 新 成立 全资 子公司 经营范围 涉 自动 驾驶 汽车 技术 ,1
特斯拉 计划 于 本月 日 发布 SUV 新车型 ModelY ,1
称 招商 加盟网 做 虚假 宣传 呷 哺 呷 哺 起诉 索赔 ,0
华为 将 在 加拿大 扩招 名 研发 人员 增加 研发 资金投入 ,1
李小加 将 在 沪 深港 通 的 交易 后 分配 中 应用 区块 链 技术 ,1
工信部 链家 斗鱼 等 App 因 互联网服务 存 问题 被 督促 整改 ,0
研究 称 黑客 可 通过 漏洞 劫持 裸 金属 服务器 IBM 将 修复 ,0
注册资本 亿美元 恒大 成立 新能源 汽车 公司 ,1
特斯拉 车主 再 遭 致命 事故 事故 发生 一天 后 电池 仍 燃烧 ,0
美国 云 计算 法案 规定 治外法权 引起 欧盟 强烈 反弹 ,0
中国 资本 亮相 奥斯卡 阿里 影业 成 最大 赢家 ,1
英特尔 年前 不 推出 G 芯片 或致 苹果 今年 无 G 手机 ,0
科学家 揭示 细胞 门神 抗病毒 感染 重要 调控 机制 ,1
全国 首个 人工智能 创新 发展 试验区 在 北京 成立 ,1
国家邮政局 月 快递 量 亿件 业务收入 亿元 ,1
裁员 风暴 下 的 比特 大陆 人工智能 业务 成为 重灾区 ,0
华为 又 摊事 了 被 指 抄袭 苹果 获取 商业 机密 华为 已 否认 ,0
物理学家 创建 量子 制冷机 或 被 用于 冷却 微电子 组件 ,1
珠峰 永久 关闭 系 谣言 实为 科学 保护 再 升级 ,1
春节 暖心 服务 不断 前行 华为 体验 店里 的 那些 感动 一刻 ,1
滴滴 宣布 过冬 将 裁员 涉及 员工 超人 ,0
省 GDP 目标 推动 高质量 发展 成 聚焦点 ,1
年度 克利夫兰 奖 正式 颁给 潘建伟 团队 ,1
教育部 将 明确 教师 不得 通过 微信 和 QQ 等 方式 布置 作业 ,1
滴滴 春节 打车 平均 成功率 为 司机 发放 补贴 超亿 ,1
京东方 击败 LG 成 全球 最大 电视 和 显示器 液晶面板 供应商 ,1
全球 首次 中国 AI 诊断 技术成果 荣登 顶级 医学杂志 ,1
自动 驾驶 实力 排名 谷歌 第一 百度 第七 苹果 惨不忍睹 ,1
北 磁极 偏移 你 我 的 手机 导航 都 会 受 影响 ,0
贝佐斯 荣登 美国 慈善 排行榜 首位 去年 捐款 亿美元 ,1
传 滴滴 拟 裁员 内部 人士 回应 称 正常 调整 ,0
暴风集团 预计 年度 亏损 亿 亿元 ,0
屠 呦 呦 入围 BBC 世纪 最具 标志性 人物 与 爱因斯坦 并列 ,1
专访 高通 副总裁 苹果 打击 高通 是 在 变相 削弱 安卓 阵营 ,0
中国 最好 大学排名 发布 清华 居首 ,1
社交 媒体 使用 越 多 可能 越感 孤独 ,0
首批 体细胞 克隆 疾病 模型 猴 中国 诞生 价值 不可估量 ,1
大龄 单身 狗 返乡 过年 期间 瞬时 压力 激增 现象 及 应对 研究 ,0
发改委 回应 互联网 行业 裁员 没 出现 大规模 裁员 现象 ,1
海口 今日 起 停止 为 燃油 车 办理 网约车 许可 业务 ,1
超级 买手 阿里 一年 投资 笔 涉及 金额 高达 亿 ,1
清华大学 人工智能 研究院 成立 知识 智能 研究 中心 ,1
量子 位 中国 年度 人工智能 评选 揭晓 ,1
SpaceX 将 在 德州 组装 测试 星际 飞船 加州 议员 失落 ,0
中消协 警惕 以 治病 为 噱头 的 保健品 虚假 宣传 行为 ,0
市监 总局局长 评 著名商标 的 政府 行为 一律 取消 ,1
地磁 北极 移动 快 导航 模型 要 更新 ,0
第届 CRC 彩电 行业 研究 发布会 召开 飞利浦 电视 捧 获 三项 大奖 ,1
全球 物 联网 支出 超五 万亿 行业 洗牌 期 合作 将成 常态 ,1
台湾 工研院 禁止 员工 使用 华为 手机 电脑 国台办 回应 ,0
美媒争 当下 一个 马斯克 中国 公司 挖 特斯拉 墙脚 ,0
走路 看 手机 罚元 交警 表示 希望 引起 行人 重视 ,0
解决方案 成 万恶之源 科技 也许 正在 毁灭 人 ,0
交通运输 部正 推进 无车 承运人 下 一步 相关 工作 ,1
腾讯 发布 成绩单 受理 量 破 千万 协助 破案 达 亿元 ,1
英 伟达 CEO 自家 显卡 能 碾压 AMD 最新款 RadeonVII ,1
新意 不足 同质化 严重 CES 上 不得不 吐 的 五大 槽 点 ,0
杨元庆 押注 人工智能 不能 一撞 南墙 就 回头 ,0
美的集团 一项 豆浆机 专利 被判 无效 北京 高院 终审 败诉 ,0
权健 事件 冲击波 实控 人之子 旗下 电商 平台 暂停 加盟 ,0
中国 电竞 摆脱 王思聪们 出圈 商业化 是 未来 ,1
行业 知识 图谱 对 企业 到底 有 多 重要 慧科讯业 告诉 你 ,1
有 核心技术 才能 熬过 寒冬 半导体 初创 企业 也 如此 ,1
疑似 IBM 内部 文件 曝光 赶走 老 员工 将 岗位 转移 至 海外 ,0
三星电子 季度 营业 利润 或 出现 两年 来 首次 下滑 ,0
洛杉矶 起诉 IBM 旗下 天气 应用 称 滥用 用户 位置 数据 ,0
活久见 苹果 iTune 和 三星 电视 达成 流媒体 合作 ,1
天津日报 评论 重打 猛打 真打 坚决 铲除 保健品 乱象 ,1
华尔街日报 iPhoneXR 销量 扑街 还是 因为 太贵 ,0
苹果 FaceID 能 被 破解 安全 研究员 取消 技术 汇报 ,0
加密 货币 疲软 日本 IT 巨头 GMO 宣布 退出 矿机 市场 ,0
索尼 高管 将 提高 D 摄像头 传感器 产量 目前 已 开始 盈利 ,1
权健 火疗 玩火自焚 专利申请 已 失效 卷入 两单 命案 ,0
拾年 保 用户 交流会 第二场 举办 背后 是 金融 科技 集团化 布局 ,1
在 华 调低 售价 在 美 给 用户 补 损失 特斯拉 股价 大跌 ,0
科技 明星 股 全面 下跌 机构 仓位 转向 市场 幸存者 ,0
软银 IPO 当日 股价 暴跌 彭博社 孙正义 完美 割 韭菜 ,0
美银 调查 做 多 中美 科技股 不再 是 最 热门 交易 ,0
传 比特 大陆 IPO 港交所 不愿 批大矿 机商 上市 恐成空 ,0
等待 黄光裕 年 出狱 不是 没有 可能 ,0
那些 没有 被 屏幕 点亮 的 年轻人 屏幕 之外 的 旁观者 ,1
华大基因 创始人 汪建 基因 狂人 骨子里 的 斗胜欲 ,1
面部 识别 安全 吗 研究 发现 D 打印 的 脸能 骗过 安卓机 ,0
创业 公司 死亡 名单 这 三点 成 企业 倒下 最 常见 原因 ,0
星巴克 启用 UberEats 送 外卖 年内 中国 店铺 将 达家 ,1
美 法官 驳回 高通 反垄断 案 证据 FTC 仍未 放弃 和解 ,0
日媒 日本 显示器 接洽 中国 企业 及 投资 基金 寻求 支持 ,1
特斯拉 高管 离职 潮 还 没 结束 数字 产品 主管 也 走 了 ,0
中关村 融科 大厦 起火 系 物业 检修 误操作 责任人 被 控制 ,0
科技 大 咖齐 聚 深圳 AI 文本处理 技术 赋能 金融 行业 ,1
戴尔 再 上市 计划 获 股东 支持 最早 月 日 纽交所 挂牌 ,1
SpaceX 载人 飞船 首飞 时间 推迟 天将 主要 收集 数据 ,0
小米 是 互联网 公司 吗 雷军 的 理想 与 小米 的 现实 ,1
IBM 将 向 印度 HCL 出售 部分 软件产品 业务 作价 亿美元 ,1
张瑞敏 重塑 海尔 只有 创业 没有 守业 ,1
博通 CEO 暗示 老款 iPhone 销量 强劲 ,1
SpaceX 完成 年内 第 次 任务 为 国际 空间站 提供 补给 ,1
音乐 无国界 腾讯 音乐 如何 强化 国际 影响力 ,1
广东 佛山 将 考虑 植入 电子 芯片 做 身份证 管理 犬 只 ,1
人民日报 展望 智慧 社会 激发 人工智能 的 头雁 效应 ,1
苹果 调查 供应链 中 回扣 与 行贿 问题 涉及 中国 市场 ,0
董明珠 别人 做 芯片 股价 涨 我 做 就 跌 因为 我们 是 真 做 ,1
三星电子 将 裁撤 高管 注销 万亿韩元 库存 股 ,0
软银 旗下 电信 子公司 IPO 已 达到 万亿日元 散户 认购 目标 ,1
亚马逊 云 业务主管 面部 识别 软件 只是 一个 工具 ,1
金立 董事长 被 列入 失信 被执行人 名单 并 限制 高 消费 ,0
直击 雷军 小爱 同学 累计 激活 亿台 设备 唤醒 亿次 ,1
IBMCEO 罗睿兰 站队 库克 政府 应 监管 平台 收集 数据 ,1
电子 凭证 网上 报销 试点 成效 显现 有效 预防 铺张浪费 ,1
野村 基金 大幅 加大 对 腾讯 持股 因微 信太强 股价 够低 ,1
地平线 机器人 将 完成 亿美元 融资 估值 达 亿美元 ,1
联想 小新 打造 走心 活动 元 即享 专属 定制 刻字 ,1
北京 现代 反思 多生 孩子 好 打架 策略 困扰 发展 ,0
Spacii 全办 智造 签约 杜邦 共同 探索 未来 健康 智慧 办公 ,1
AI 定义 万物 科技 赋能 产业 万物 工场 AILINK 产业 对接 会 成功 举办 ,1
微软 协助 谷歌 开发 ARM 平台 Chrome 浏览器 ,1
李想 造车 特斯拉 的 非典型 信徒 ,0
贾跃亭 许家 印 怎么 谈崩 的 页 仲裁 文书 还原 交锋 细节 ,0
谁 为 新能源 时代 的 独角兽 赋能 ,1
贾跃亭 与 恒大 决裂 FF 称 将 委派 新 团队 接管 中国 公司 ,0
揭秘 恒大 与 贾跃亭 纠纷 的 事实 与 隐秘 情节 ,0
慧科讯业 何超 博士 不断 研发 AI 领域 为 企业 决策 赋能 ,1
董明珠 与 银隆 集团 炮火连天 致 股东 函 公众 号 长文 齐飞 ,0
董明珠 魏银仓 反目 银隆 上演 局中局 裂痕 早有 预见 ,0
腾讯 ToB 业务 再下 一城 金融版 QQQTrade 获 A轮 融资 ,1
华为 余承东 将 在 年内 推出 增强 现实 智能 眼镜 ,1
三星 半导体 营收 再 突破 或 连续 两年 超越 英特尔 ,1
传 区块 链 公司 EVAIO 计划 向 FF 投资 亿美元 ,1
微软 收购 两家 游戏 工作室 或 为 助力 年 新一代 Xbox ,1
港媒称 阿里巴巴 将 追加 投资 宝宝 树 ,1
SAP 亿美元 收购 美国 软件商 Qualtrics ,1
三星 去年 收购 的 汽车 电子 企业 哈曼 将 实现 强劲 增长 ,1
彭博社 软银 计划 在 沙特 投资 亿美元 建 太阳能 发电厂 ,1
亚马逊 选择 第二 总部 背后 逻辑 反常规 选择 高 税率 城市 ,1
显示器 这个 双十 一是 时候 把 它 抱 回家 了 ,1
搜狗 发 Q 财报 成 全球 首家 用 AI 播报 业绩 公告 的 科技 公司 ,1
港交所 李小加 年 香港 IPO 发行 计划 非常 强劲 ,1
老年人 防 诈骗 福音 日企 开发 AI 防止 ATM 汇款 受骗 ,1
IPO 热潮 继续 新 上市 科技 公司 纷纷 追加 售股 ,1
展现 智慧 产业布局 腾讯 与 产业 伙伴 共建 智慧 时代 ,1
禾苗 通信 进军 智能 锁 市场 欧宁 M 携种 解锁 方式 震撼 来袭 ,1
腾讯 音乐 上市 社交 娱乐 化 挖掘 更 多 商业 变现 可能 ,1
腾讯 公布 人工智能 领域 最新进展 要 打造 救命 的 AI ,1
习近平 将 在 上海证券交易所 设立 科创板 并 试点 注册 制 ,1
高通 与 苹果 决裂 背后 基带 芯片 到底 是 啥 ,0
外媒 比特 大陆 拖欠 台积 电 亿美元 债务 ,0
腾讯 智慧 出行 战略 首次 曝光 如何 承载 腾讯 的 ToB 梦 ,1
与 高通 决裂 的 恶果 开始 显现 苹果 G 手机 最快 到 年 ,0
马斯克 宣布 洛杉矶 隧道 月 日 开通 还要 进军 德国 ,1
硅谷 工人 有 力量 谷歌 员工 引领 科技 劳工 运动 新高潮 ,1
任正非 内部 讲话 优化 干部 晋升 制 坚持 淘汰制 ,0
腾讯 全球 合作伙伴 大会 上演 科技 人文 秀极客 文青来 了 ,1
张近东 民企 有 能力 有 责任 承担 更大 的 国家 使命 ,1
苹果 销售 破纪录 但 买 的 人 更 少 了 将 停止 公布 销量 数据 ,0
为 留 优质 司机 Uber 放大 招 额外 补贴 加上 大学 的 机会 ,1
金庸 逝世 马云 余承东 雷军 等 商界 大佬 发文 悼念 ,0
市场监管 总局 完善 汽车 三包 将 纳入 新能源 车 ,1
马斯克 特斯拉 汽车 明年 就 能 自己 找位 停车 ,1
万元 机 齐发 力 消费 升级 下 的 各取所需 ,1
紧跟 Lyft 步伐 Uber 也 推出 打车 订阅 服务 ,1
江湖 仍 在 江湖 仍 在 ,1
传 红帽 曾 在 IBM 之前 给 谷歌 等 公司 报价 机会 ,0
估值 过 亿 的 沪江 网校 快 上市 了 班级 人数 越来越少 ,1
中文 自然语言 处理 专家 慧科讯业 AILab 助力 金融 AI ,1
教育 从未 如此 有趣 柯马 发布 eDO 教育 机器人 ,1
中国 制造 到 中国 研发 全球 强 企业 明确 加大 对华 投资 ,1
拜腾 汽车 拟 进行 IPO 今年 曾 获 一汽集团 亿美元 投资 ,1
雷军 与 董明珠 亿 赌局 的 悬念 ,1
美国 修改 部分 版权 规定 允许 第三方 因 维修 而 解锁 手机 ,1
仲裁 结果 出炉 许家 印 贾跃亭 都 说 自己 赢 了 ,1
Airbnb 任命 新 首席 技术 官曾 任谷歌 工程 副总裁 ,1
Facebook 谷歌 等 科技 高管 与 英国政府 会谈 讨论 脱欧 ,0
华为 对 美国 按下 暂停 键 Mate 不会 进入 美国市场 ,0
福特 中国 业务 独立 与 北美 并列 核心 市场 布局 移动 出行 ,1
中金 将 联想集团 评级 上调 至 买入 开盘 大涨 ,1
马化腾 时隔 三年 再现 知乎 就 基础科学 等 发问 ,1
奥佳华 OG 智能 专业 颜值 万元 档 按摩椅 全能 打手 ,1
区块 链能 让 AI 挣脱 巨头 掌控 吗 ,0
卖 电脑 的 戴尔 在 云 时代 面临 的 挑战 一样 不少 ,0
丁磊 从乐视 转至 华人 运通 继续 造车 悦达 是 重要 股东 ,1
用 你 的 数据 出卖 你 智能家居 商 不会 告诉 你 的 那些 事 ,0
美国 科技 游说 组织 提出 隐私 保护 框架 权衡 企业 利益 ,0
浪潮 商用 机器 推出 Power 全线 服务器 驱动 数字化 转型 ,1
浪潮 商用 机器 构建 融合 生态 助力 客户 模式 创新 ,1
着力 社交 娱乐 腾讯 音乐 如何 释放 音乐 多元 价值 ,1
最新 研究 碳纤维 可储存 电能 可 用于 电动汽车 车身 ,1
网速 有 多 快 未来 城市 的 想象 空间 有 多 大 ,1
年 增万 付费 用户 腾讯 音乐 正在 激发 音乐 市场 增长 潜力 ,1
百度 李彦宏 车要 智能 路 也 要 智能 ,1
港交所 发布 报告 探讨 区块 链 强调 监管 一致性 原则 ,1
鲇鱼 真的 来 了 特斯拉 完成 上海 超级 工厂 购地 ,1
亚马逊 员工 写 匿名信 呼吁 停止 向 警方 售 人脸识别 技术 ,0
数码相机 巨头 发布 全 画幅 微 单单 反 时代 即将 结束 ,1
直击 百度 成为 PartnershiponAI 首个 中国籍 会员 ,1
FF 中国 员工 在 群内 询问 发薪 事宜 半小时 后该 群遭 解散 ,0
微软 二号 保罗 艾伦 去世 他 给 微软 取 了 名 劝 盖茨 退学 ,0
欧盟 拟 补贴 汽车 电池 数十亿 欧元 摆脱 对 亚洲 的 依赖 ,1
没有 S 店 的 尴尬 特斯拉 Model 积压 途中 无法 送达 车主 ,0
贾跃亭 美国 造车记 FF 面临 生死时速 ,0
百亿 OTT 广告 市场竞争 升级 乐视网 等 不到 黎明 ,0
苹果 ID 频现 盗刷 背后 免密 支付 风险 有 多 大 谁 应 担责 ,0
中国 VC 往事 中国 创投 的 年代 ,1
直击 腾讯 音乐 回应 推迟 IPO 不予置评 ,0
奥维云网 权威 报告 出炉 OLED 电视 符合 高端 消费 趋势 ,1
国务院 促进 汽车 消费 优化 升级 完善 新能源 汽车 服务 ,1
挑选 家用 净水器 要 懂得 分辨 滤芯 的 膜 ,1
阿里 系 股东 减持 圆通 万余 股是 看衰 还是 套现 ,0
华为 AI 战略 透视 自 建 架构 研发 芯片 为何 讨厌 谈 转型 ,0
慧科讯业 WisersAnalytics 让 你 看 明白 短 视频 平台 新 玩法 ,1
直击 小猪 短租 完成 近 亿美元 融资 云锋 基金 等 领投 ,1
微软 修补 数据 误删 漏洞 重新 向 测试者 推送 新版 Win ,0
与 公司 价值观 冲突 谷歌 放弃 竞标 美军方 百亿美元 合同 ,1
腾讯 与 英国公司 合作开发 系统 用 AI 改善 帕金森病 治疗 ,1
斗鱼 App 国庆 悄然 下架安卓 系统 只有 极速 版 ,0
微软 投资 东南亚 打车 公司 Grab 并 提供 Azure 云 计算 服务 ,1
人民日报 解读 双创 升级版 意见 我国 成 第二 大双创 市场 ,1
董明珠 不 放弃 格力 手机 与 雷军 的 对 赌 胜利在望 ,1
微软 暂停 Win 更新 用户 投诉 称 安装 后 文件 被 删除 ,0
金融 科技 新 变局 互联网 机构 去 金融 金融机构 重 科技 ,1
阿里巴巴 提交 允许 行政 干预 的 区块 链 专利申请 ,1
LG 显示器 公司 首次 裁员 因 业务 转变 及 实行 自动化 生产 ,0
马斯克 为 了结 SEC 指控 付 万美元 罚款 辞 董事长 一职 ,0
联想 开始 复苏 未来 尚缺 故事 ,1
云米 上市 CEO 感谢 雷军 方洪波 首款 净水器 被 雷军 叫停 ,0
威马 汽车 小 目标 年底 前 交付 万辆 明年 冲刺 万辆 ,1
马斯克 被 起诉 后 首发 推 道歉 特斯拉 订单 太 多 交付 困难 ,0
不再 拖累 队友 的 吃 鸡 神器 拯救 者 Y 热血 强劲 ,1
医院 汪 德清 血液 网 旨在 解决 中国 血荒 难题 ,1
智能 PC 只是 冰山一角 联想 全面 进军 智能 物联 ,1
LGD 吕相德 OLED 迎来 中国 时代 LGD 誓为 护航 ,1
TCL 成立 新 公司 业务 含 计算机 软硬件 云 平台 设施 服务 ,1
直击 华兴 资本 包凡 上市 最 应该 感谢 伟大 时代 ,1
熊爹 老余 体育 教育 科技 大 数据 告诉 你 人才培养 密码 ,1
慧科讯业 AILab 赋能 WisersOne 驱动 企业 智能 营销 ,1
联想 与 NetApp 成立 合资 公司 联想 凌拓 明年 投入 运营 ,1
杨元庆 联想 是 少数 有 数据 计算力 和 算法 三要素 企业 ,1
传 戴尔 与 银行 讨论 计划 放弃 借壳上市 改为 IPO ,1
百年 传承 科技 东芝 与 时代 脚步 一同 前进 ,1
亚马逊 发布 十余 款 Alexa 设备 包括 智能 音箱 和 微波炉 ,1
科大讯飞 公司 向 蔚来 汽车 提供 语音 技术 与 产品 ,1
湖云 相栖 易华录 携手 阿里 云赋 能 智慧 交通 ,1
用 互联网 的 基因 做 芯片 阿里 的 平头 哥 有多强 ,1
德邦 快递 崔维星 快递 行业 也 要 勇敢 拥抱 AI ,1
阿里巴巴 获 杭州 第一张 自动 驾驶 牌照 ,1
中 美 独角兽 比较 中国 企业 竞相 上市 美国 企业 保持 私有 ,1
刘鹤 副 总理 视察 星阵 围棋 深客 科技 CEO 金 涬 汇报 ,1
万科 董事会 主席 郁亮 场景 应用 才能 让 技术 焕发 生机 ,1
世界 人工智能 大会 在 沪 举行 中国 AI 领域 发展 如何 图 ,1
酷派 唐凯 飞 资金 充足 发力 千元 以下 机型 目标 万 ,1
火星 红 凭 什么 红慧 科讯业 帮 你 找到 营销 秘诀 ,1
全球 知名 高校 校长 聚首 上海 谈 跨国 人工智能 合作 研究 ,1
联合国 人工智能 专家 没有 哪个 国家 能 独自 避免 AI 风险 ,0
马云 马化腾 李彦宏 等 出席 世界 人工智能 大会 ,1
大唐 与 百度 战略 合作 推进 协同式 自动 驾驶 技术 发展 ,1
GFK 月 报告 既全 画幅 折桂 后 佳能 又 在 C 画幅 微单 市场 再次 夺魁 ,1
李斌 再次 赴美 敲钟 将 蔚来 的 整条 命 交给 用户 ,1
华兴 资本 港股 IPO 价格 区间 港元 ,1
苹果 发布会 即将 揭晓 双卡 双待 新 iPhone 真的 会来 吗 ,1
AI 女神 离职 谷歌 ,0
华兴 资本 预期 估值 亿美元 月 日 赴 港 上市 ,1
英 伟达 新 显卡 亮相 中国 但 光线 追踪 技术 普及 是 个 问题 ,0
知情 人士 腾讯 内部 要求 不许 见 子弹 短信 怕 被 碰瓷 ,0
小小 AI 助教 走进 课堂 科技 正在 让 教和学 变得 更 有 乐趣 ,1
软银 为 银行 参与 移动 业务 IPO 开 条件 提供 贷款 ,1
IBM 联手 纽约市 警察局 开发 AI 系统 根据 种族 搜索 人员 ,1
Facebook 首次 准备 在 亚洲 建 数据中心 位于 新加坡 ,1
韩媒 去年 中国 存储芯片 进口 达 亿美元 韩产 占 过半 ,0
传 云集 微店 拟 明年初 赴美 IPO 计划 融资 约 亿美元 ,1
董明珠 脚 踩 多元化 险滩 志在必得 做 芯片 ,1
滴滴 携 外援 偷袭 美团 后院 ,0
滴滴 独家 回应 未 删 道歉 微博万 将 捐 见义勇为 基金会 ,0
多国联军 误炸 也门 客车 致人 死亡 包括 名 儿童 ,0
优悦水 打 Call 亚运会 助 中国 健儿 驰骋 亚运 赛场 ,1
京互金 协会 提示 以 区块 链 ICO 等 之名 非法 集资 的 风险 ,0
IFA 展会 前剧 透 哪些 新品 是 你 的 菜 ,1
哈罗 单车 CFO 中国 共享 单车 竞争 空间 仍然 很大 ,1
因火币 董事长 受让 股权 桐成 控股 复牌 暴涨 ,1
中国 民企 强 出炉 华为 榜首 三连冠 ,1
非小 细胞 肺癌 患者 终于 用 上 了 期待已久 的 O 药 ,1
人民日报 狂飙 的 企业 走 得 再 快 也 不能 让 利润 蒙住 了 眼 ,1
富士康 将 联合 组建 亿美元 投资 基金 ,1
A股 四大 快递 巨头 平均 净利 同比 增 两成 顺丰 赚钱 能力 强 ,1
微软 搁置 XboxVR 头盔 开发计划 等待 相关 技术 成熟 ,0
探迹 科技 获 万元 A轮 融资 阿里 启明 创投 联合 投资 ,1
马斯克 放弃 私有化 华尔街 质疑 较 多 业内 建议 任命 COO ,0
AMD 领涨 美股 芯片 板块 创年 以来 最长 连涨 天数 ,1
Oculus 创始人 MagicLeap 的 MR 头显 是 悲剧 ,0
中国软件 上半年 净亏损 亿元 同比增加 万元 ,0
传 巴菲特 首次 投资 印度 公司 入股 支付 商 Paytm 母公司 ,1
宝能 成立 汽车 进出口 公司 注册地 与 恒大 法拉第 临近 ,1
巨头 们 赔本赚吆喝 中国 智能 音箱 市场 近期 将 超 美国 ,1
从 游戏 出海 到 品牌 出海 游族 在 科隆 游戏 展 讲述 中国 故事 ,1
探索 汽车 类 社交圈 新 模式 汽车 之 家 青少年 嘉年华 正式 开幕 ,1
苹果 挖角 特斯拉 没想到 现已 招来 几十名 的 技术工 ,0
特斯拉 弗里 蒙特 工厂 发生 小规模 火灾事故 原因 仍 在 调查 ,0
苹果 预定 赴美 航班 或 为 年 新款 iPhone 做 准备 ,1
京东 发布 反腐败 公告 多名 涉案 员工 被 刑事拘留 ,0
董明珠 送 员工 房 第一批 员工 即将 就 可 入住 其中 ,1
阿里 奖励 亿 BAT 中 股权 激励 力度 最大 额度 最高 ,1
北京 打击 黑中介 家 违规 中介机构 被 查处 ,1
阿里 云营收 同比 增幅 回落 至 CEO 称 仍 超过 AWS 和 微软 ,0
交通部 已有 多家 网约车 平台 公司 获 经营 许可 ,1
Facebook 开发 MeshWiFi 为 偏远地区 提供 上网 服务 ,1
特斯拉 聘请 公关 公司 或 为 挽救 近日 危机 的 公司 形象 ,0
华为 进入 彩电业 康佳 在 布局 芯片 设计 不 惧 华为 进入 ,1
格力 芯片 公司 正式 成立 注册资本 亿 董明珠 任 董事长 ,1
Facebook 正 推进 语音 识别 技术 未来 会 进化 成 语音 助手 ,1
知名 孵化器 YC 出 故障 让 万家 创业 公司 进 加速 项目 ,0
华为 将 在 美 推出 太阳能 面板 控制 设备 但 竞争力 或 较 低 ,0
三星电子 否认 将 重返 汽车业 ,0
美媒因 开始 关注 AR 谷歌 终止 研发 VR 摄像机 ,1
热水器 行业 质量 提升 万里行 总结 表彰大会 成功 举办 ,1
腾讯 智慧 医学 资讯 平台 共谱 中国 公众 医学 科普 新 蓝图 ,1
机器人 浪潮 来袭 中国 的 机遇 与 挑战 ,1
微信 公号 这 六年 抱负 暴富 与 饱腹 ,1
华兴 资本 估值 至 亿美元 预计 于 月底 赴 香港 上市 ,1
科大讯飞 虚实 部分 产品 使用 效果 打折 ,0
两年 半 亏损 亿元 交车 仅辆 蔚来 汽车 拟 IPO 补血 ,0
马斯克 挖 隧道 公司 又 设计 新 地下 交通 零排放 ,1
SEC 施压 特斯拉 董事会 要求 披露 与 马斯克 的 沟通 细节 ,0
美国 SEC 就 Model 生产 延迟 问题 对 特斯拉 展开 调查 ,0
人民日报 AI 带来 了 巨大 便利 但 也 必须 对 其 价值 引导 ,1
陆奇 YC 中国 的 号 员工 ,1
日本 互联网 巨头 GMO 财报 交易所 业务 营收 万美元 ,1
蔚来 汽车 招股书 李斌 拿出 股份 成立 信托 基金 ,1
万亿美元 是 苹果 的 巅峰 还是 衰落 的 开始 ,0
WeWork 再 获得 软银 亿美元 投资 估值 有望 达 亿美元 ,1
楼 跳 下 猝然 离世 又 有 两位 创业者 离开 了 我们 ,0
AI 可以 告诉 你 的 老板 你 缺少 什么 技能 以及 如何 获得 它们 ,1
马斯克 考虑 私有化 股价 随即 暴涨 马斯克 喜欢 不 透明 ,0
D 结构 光 还 没 来得及 普及 智能手机 的 光学 革命 又 高潮 ,1
腾讯 云 磁盘 静默 错误 不 规范 操作 造成 用户 数据 丢失 ,0
传 中国 多家 银行 有意 为 特斯拉 上海 工厂 融资 ,1
腾讯 独家 牵手 WebMD 企鹅 医典 传递 可信赖 专业 医学 资讯 ,1
专访 微软 Surface 之父 解读 SurfaceGo 如何 竞争 iPad ,1
腾讯 独家 牵手 WebMD 企鹅 医典 传递 可信赖 专业 医学 资讯 ,1
上半年 我 国家电网 购 规模 超 亿元 ,1
第三届 中国 军民 两用 技术创新 大赛 媒体 通气会 在 京 举办 ,1
报告 称 目前 全球 千余个 区块 链 专利申请 来自 中国 ,1
FF 广州 更名 恒大 法拉第 未来 恒大 副总裁 成 法定代表 人 ,1
工业 和 信息化 部信 软司 组织 召开 区块 链 工作 座谈会 ,1
乔布斯 女儿 出书 回忆 父亲 曾 有 不 被 承认 的 矛盾 关系 ,0
星巴克 阿里巴巴 全面 战略 合作 会员 体系 将 全 打通 ,1
华大 回应 热点问题 无 创产检 只是 筛查 并非 诊断 ,0
马斯克 Twitter 宣布 特斯拉 将 招聘 电子游戏 开发人员 ,1
短信 诈骗 从 张口 叫 妈 走 到 了 精准 用户 画像 ,0
亚马逊 计划 年初 彻底 抛弃 甲骨文 专有 数据库 ,0
华为 首次 超越 苹果 成为 全球 第二 大 手机 制造商 ,1
世界 机器人 大会 本月 在京开幕 ,1
高通 要求 iPhone 专利 证明 英特尔 拖个 月 又 食言 了 ,0
福布斯 世界 TOP 比特 币 城市 ,1
总在 被 卖身 的 ofo 不卖 我 能 养活 自己 ,0
华大基因 湖南 案例 孕妇 不是 漏检 不 存在 赔偿 的 说法 ,0
生病 网上 查 不 放心 国际医学 科普 巨星 WebMD 独家 入驻 腾讯 ,1
诺基亚 获 最大 G 合同 消费者 莫非 又 要 准备 换 手机 了 ,1
直击 医联 完成 亿元 D 轮 融资 中 投中 财领 投 ,1
争议 Spotify 音乐 流媒体 的 平台 梦 ,1
恩智浦 CEO 本来 值得 考虑 延长 高通 收购案 的 最后 期限 ,1
直击 更 美 App 完成 美图 领衔 万美元 D 轮 融资 ,1
直击传 华为 北京 公积金 由调 至 官方 暂未 回应 ,0
世界 首富 贝索斯 从 渴望 有 一辆 货车 到 建设 月球 基地 ,1
亚马逊 面部 识别 闹笑话 将 名 美国 议员 识别 为 罪犯 ,0
一站式 满足用户 变美 需求 腾讯 微视 上线 瘦腰 塑身 等 新 功能 ,1
机械 革命 再 升级 S 新款 星空 灰 版本 即将 来袭 ,1
苹果 内部 维修 教学 视频 泄露 有 哪些 我们 不 知道 的 技巧 ,1
野心 又 变大 了 谷歌 想 把 AI 芯片 装进 联网 设备 ,1
国家药监局 彻查 长春 长生 所有 疫苗 ,1
科技 公司 挖掘 链圈 新 价值 区块 链 技术 有望 普惠于 民 ,1
传网 鱼网 咖欲 赴 港 上市 获王 思聪 投资 明年 月 提交 IPO ,1
余承 东华 为 今年 有望 出货 两亿 部手机 领先于 苹果 ,1
空调 污染 危害 大 国美 教 你 应对 绝招 ,1
欧盟 指控 高通 在 低价 销售 中 存在 新 的 违规行为 ,0
两 美国 超级 高铁 公司 获 中国 投资 贵州 线路 将 开始 建设 ,1
babycare 告诉 你 选 婴儿 湿巾 要 注意 这 三点 ,1
哭 晕 因为 安卓 系统 这个 坑谷歌 被 罚 亿 ,0
现场 直击 华为 发布 办公 新 神器 售价 元起 ,1
打造 城市 级 智慧 健康 宜昌 携 腾讯 全国 首推 一部 手机 管 健康 ,1
传 在线教育 品牌 作业 帮获 亿美元 D 轮 融资 ,1
德州仪器 CEO 因 违反 公司 行为准则 离职 上任 不到 两月 ,0
这个 行业 未来 会 出现 大过 阿里 腾讯 的 公司 你 信 吗 ,1
世界 首富 贝索斯 身家 亿美元 打破 前 首富 盖茨 纪录 ,1
华大基因 连续 第二日 跌停 迎 巨量 解禁 ,0
品钛 集团 提交 招股书 拟 登陆 纳斯达克 一季度 实现 盈利 ,1
刷屏 央视 焦点访谈 再度 聚焦 九牧 晋江 经验 ,1
标杆 华为 达芬奇 计划 曝光 深度 ,1
人民日报 中国 的 自动 驾驶 只能 由 中国 人 自己 来 解决 ,1
联手 阿里 星巴克 会 怎样 ,1
富士康 月 或 与 印度 马哈拉 托 特拉 邦 签署 建厂 协议 ,1
美 基金 要求 韩国政府 赔偿 亿美元 ,0
英特尔 收购 小型 芯片 厂商 eASIC 进一步 降低 对 CPU 依赖 ,1
特斯拉 宣布 中国 建厂 马斯克 被 拍 在 街头 吃 煎饼果子 ,1
英特尔 收购 小型 芯片 公司 eASIC 继续 推进 多元化 战略 ,1
谷歌 X 实验室 新 项目 毕业 无人机 和 互联网 气球 ,1
博通 收购 企业 软件 公司 CA 斥资 亿美元 ,1
美国 运营商 ATT 将 投资 MagicLeap 并 在 零售 方面 合作 ,1
国家 发改委 取消 电网 企业 部分 垄断性 服务 收费 项目 ,1
传博通 收购 美国 商业软件 公司 CA 斥资 近 亿美元 ,1
万德银 山水画 将 迎来 新一轮 的 收藏 热 ,1
世界 不断进步 人们 却 为何 越来越 悲观 ,0
美国 芯片 公司 ADI 与 百度 合作开发 无人驾驶 技术 ,1
美的集团 亿 回购 背后 业绩 增长 下 暗藏 危机 ,0
马斯克 说 我 是 亿万富翁 其实 是 损 我 ,1
交通部 充分发挥 测试 基地 作用 促 自动 驾驶 技术 发展 ,1
特斯拉 板块 表现 抢眼 多股 开盘 一字 涨停 ,1
特斯拉 超级 工厂 落户 上海 规划 年产 万辆 纯 电动车 ,1
山东 破获 特大 木马 挖矿 案 涉及 金额 余万 ,0
谷歌 联合 创始人 布林谷 歌 错失 区块 链 领先 机会 ,0
美国众议院 致函 苹果 谷歌 就 隐私 和 数据 问题 提出 质疑 ,0
微软 总裁 施 博德 对话 清华 教授 薛澜 人工智能 开发 是 关键 ,1
电动 飞机 未来 或 将 改变 我们 的 生活 ,1
雷军 公开信 上市 是 小米 新 开始 未来 存三大 空间 ,1
大学生 为何 频频 陷入 套路 贷 ,0
印度 最高法院 宣布 维持 加密 货币 禁令 成 非法 产业 ,0
人民日报 揭 网络 贷款 骗局 万人 受害 涉案 金额 超亿 ,0
扎克 伯 超过 沃伦 巴菲特 成为 为 世界 第三 富豪 ,1
宽带 资本 董事长 田溯宁 中卫 将 成为 中国 的 大脑 ,1
国家 电子政务 云 数据 体系 中心 西部 节点 落户 宁夏 ,1
国家 新 规定 花生油 等 不得 标注 非 转基因 ,1
天津 出台 智能网 联 汽车 道路 测试 管理 办法 ,1
控制 个人电脑 挖矿 牟利 温州 破获 跨省 黑客 团伙 ,1
华帝 如果 法国队 夺冠 退 款额 将 低于 万元 ,0
区块 链 电子 存证 法律效力 首获 杭州 互联网 法院 确认 ,1
韩国 投资人 谈 区块 链比 中国 落后 两年 ,1
爱立信 在 印度 建立 首个 G 创新 实验室 推动 G 生态 发展 ,1
贝索斯 蓝色 起源 公司 计划 年前 完成 登月 ,1
美国商务部 对 中兴通讯 暂时 部分 解禁 ,1
美 芯片 巨头 在 华遭 禁售 福州 法院 裁定 诉中 禁令 生效 ,1
人工智能 在 医疗 领域 应用 前景 广阔 ,1
架 英特尔 无人机 将 取代 烟花 在 特 拉维斯 空军基地 上空 表演 ,1
直击 ARENA 全球 舞朝 竞技场 洛杉矶 现场 ,1
亚马逊 计划 购买 辆 梅赛德斯 奔驰 纯 电动 货车 ,1
四川长虹 正式 收购 零 八一 电子 集团 ,1
欧洲 警告 美国 若 征收 汽车 关税 那 等 着 亿美元 的 报复 吧 ,0
华为 研发 等 部门 搬迁 人 赴 东莞 上班 ,1
特斯拉 Model 周 产量 达辆 目标 ,1
数字 货币 背后 的 残缺 虚伪 以及 慢性 死亡 ,0
华大基因 市值 个 月 蒸发 亿 经营 现金流 节节 下滑 ,0
SpaceX 将 向 国际 空间站 发送 新 设备 人工智能 机器人 ,1
数字 货币 销售额 跃升 今年 前 五个 月 达 亿美元 ,1
研究 人员 训练 双足 机器人 在 粗糙 的 地形 上 轻松 行走 ,1
智能 先行 共享 世界 全球 人工智能 创业者 大会 即将 召开 ,1
互联网 广告 整治 行动 重点 打击 网络 虚假 违法 广告 ,1
区块 链是 风口 也 是 冒险者 的 游戏 ,1
特斯拉 起诉 前 员工 要求 苹果 微软 谷歌 为 其 保留 证据 ,0
国家 机器人 创新 中心 在 沈阳 揭牌 ,1
美媒谷 歌 AI 首席 科学家 李飞飞 或 将 离职 ,0
苹果 和 三星 就 iPhone 拷贝 问题 解决 了 长达 七年 的 专利 争议 ,1
美媒 特朗普 或 放缓 使用 直接 措施 限制 中国 投资 ,0
人民日报 治 骚扰电话 没有 斩 不断 的 利益 链 ,0
WiFi 联盟 宣布 WPA 协议 已 最终 完成 安全性 增加 ,1
加密 货币 崩溃 之势 蔓延 数百种 数字 货币 价格 下跌 ,0
围观 火箭 实验室 首次 商业 发布会 这是 太空 便捷 化 的 商业 时代 ,1
Facebook 将 其 Aquila 太阳能 网络 飞机 平台 项目 下马 ,0
区块 链 概念 上市公司 已达家 今年以来 家遭 问询 ,0
打破 禁令 Uber 在 伦敦 获个 月 试用期 运营 执照 ,1
集成电路 保卫战 芯片 自给率 不到 人才 缺口 万 ,0
工业 互联网 扶持 政策 密集 出台 关注 四 细分 领域 ,1
大麻 药物 获得 FDA 批准 或 带来 联邦 法规 的 第一次 修改 ,0
传 美国 拟 针对 科技 行业 出台 新 贸易 措施 芯片 股 大跌 ,0
小微 信贷 投放 未及 预期 五部委 再出 支持 政策 缓解 困局 ,0
许家 印力 撑 贾跃亭 恒大 布局 产业 贾跃亭 造车 梦 延续 ,1
董明珠 换届 目前 还 没 方案 格力空调 明年 用 自己 芯片 ,1
业内 预测 IPTV 用户 年底 或 至 亿户 ,1
花一 亿元 驳斥 一篇 转基因 相关 论文 到底 值不值 ,0
外媒 特朗普 拟 禁止 中国 企业 投资 美国 科技 公司 ,0
工业 互联网 扶持 新政 将 陆续 落地 ,1
全国 首张 区块 链 电子 发票 诞生 全程 可查 可信 可追溯 ,1
世卫 专家 揭秘 游戏 成瘾 为何 入病 ,0
代码 伦理 的 未来 才 是 人工智能 的 未来 ,1
亚马逊 人脸识别 遭 质疑 任何 有 摄像头 处 都 可追踪 民众 ,0
超颗 在 轨 太空 中 越来越 多 中国 星 ,1
人工智能 可 预测 人 死亡 时间 准确率 高 达 ,1
苹果 向 美国专利局 申请 取消 高通 四项 专利 ,0
YouTube 拓展 收入 渠道 网红 可 建立 付费 粉丝 群 ,0
SpaceX 斥资 亿美元 与 FalconHeavy 发射 一架 空军 卫星 ,1
IPv 部署 提速 中国 迎来 网络 主权 博弈 关键 弯道 ,1
扎克 伯格 身价 创新 高 即将 超过 巴菲特 ,1
最高法院 销售税 的 裁决 可能 会 让 亚马逊 受益 ,1
特斯拉 针对 涉嫌 泄漏 知识产权 机密 的 前 雇员 提起 诉讼 ,0
超跑 精神 最佳 演绎 FindX 兰博基尼 版 全球 发布 ,1
调查 美国 成年人 认为 新闻 是 假新闻 ,0
人民日报 让 虚假 广告 失去 生存空间 必须 重拳出击 ,0
报告 到 年 世界 能源 趋势 可 再生能源 或 占 的 煤炭 ,1
币圈 炒币者 亲述 洗脑术 零 投资 如何 月 赚 百万 ,0
彭博 小米 拟 在 港 筹资 亿美元 移动 高通 各投 亿美元 ,1
韩媒 中国 将 于 月 批准 LGD 广州 OLED 投资 案 ,1
迪士尼 斥资 亿 迪拉姆 收购 康 卡斯特 公司 ,1
人民日报 评新 媒体 内容 生态 用 主流 价值 纾解 算法 焦虑 ,0
美国参议院 投票 通过 重新 给予 中兴 制裁 ,0
库克 抨击 不人道 的 特朗普 边界 政策 将 儿童 与 家人 分开 ,0
BitTorrent 以 亿美元 向 JustinSun 和 Tron 出售 ,1
股东 致信 贝索斯 停止 向 司法部门 提供 人脸识别 软件 ,0
多地 开放 路测 为 自动 驾驶 产业 集群 铺路 ,1
中国 OLED 产线 将 陆续 量产 面临 知识产权 等 五大 风险 ,0
人民日报 评短 视频 乱象 新 空间 不应 是 价值 飞地 人民 日 ,0
马斯克 裁员 人 全力 解决 Model 量产 危机 ,0
海尔 参与 编制 的 全球 首个 智能家居 信息安全 技术规范 发布 ,1
人民日报 个人信息 利用 好 更 需 保护 好 ,1
高通 服务器 芯片 部门 裁员 可能 占该 部门 员工 数量 一半 ,0
美政府 机构 向 法官 提 要求 希望 将 虚拟 货币 视为 商品 ,1
欧盟 吸纳 名 专家 入 AI 咨询 委员会 将 起草 AI 伦理 指南 ,1
给 手机 充电 的 人 都 做 错 了 ,0
传 特斯拉 全球 服务 副总裁 波斯 塔 离职 ,0
荣耀 青春 版 突出重围 连续 获元段 冠军 ,1
携手 并进 Mellanox 荣获 百度 数据中心 年度 优秀 合作伙伴 奖 ,1
珍爱 网 率先 试点 企业 微信 互通 功能 全面 提升 客户 体验 ,1
工信 部下 架 今日 头条新闻 等款 不良 手机 App ,1
人民日报 保护 网络 知识产权 要 有 更 多 硬 措施 ,1
BAT 金融业务 线 领衔 探索 区块 链 规模化 应用 尚需 时日 ,0
中铁 总 回应 数据 泄漏 传言 未 发生 用户 信息 泄漏 ,1
越南 通过 新 网络安全 法 公众 担忧 限制 言论自由 ,0
台湾 面板厂 营收 连降 背后 哪些 危机 浮现 ,0
库克 我 在 乔布斯 眼中 看到 火花 不会 竞选 总统 ,1
宣布 裁员 后 马斯克 再次 购买 万美元 的 特斯拉 股票 ,1
电动车 创业 公司 拜腾 宣布 完成 B轮 亿美元 融资 ,1
英特尔 测试 量子 位 芯片 比 橡皮擦 还 小 ,1
中兴通讯 复牌 A股 跌停 港股 开盘 大跌 ,0
SpaceX 拟 在 肯尼迪航天中心 建 私有 火箭 发射场 ,1
刘明论 区块 链 区块 链 对于 链外 数据 基本 无能为力 ,0
风口 概念 不 敌 零售 规律 无人 货架 的 集体 逃亡 ,0
世界 上 运行 速度 最快 的 超级计算机 诞生 ,1
美 披露 中兴 和解 协议 细节 本周 将 对 反对 提案 进行 投票 ,0
明年 地球 人 看 手机 电脑 的 时间 将 第一次 超过 电视 ,0
天文学家 猜 了 年 的 银河系 神秘 微波 信号 来自 钻石 云 ,1
猩 便利 获 蚂蚁 金服 战略 投资 同时 推出 智能 无人 货柜 猩 ,1
A股 新 霸主 郭台铭 要 再造 富士康 ,1
Sonos 推出 新 音箱 Beam 语音 助手 有 了 HDMI 接口 也 有 了 ,1
实地 探访 董明珠 的 银隆 员工 坦言 活少 了 工资 也 少 一半 ,0
直击 工业 富联今 上市 陈永正 要 打 造成 优质 上市公司 ,1
富士康 工业 互联网 结盟 海康威视 双方 已 展开 合作 ,1
小米 发行 CDR 软银 高层 变动 以及 中国 启动 对 三星 的 调查 ,1
微软 员工 平均 年薪 万元 但 仍 有 的 人 不 满意 ,0
国家 广播电视 总局局长 聂辰席 会见 中国移动 董事长 尚冰 ,1
没有 硬件 的 WWDC 才 是 苹果 改变 的 开始 ,1
惠普 将 裁员 人较 此前 计划 多出 人 ,0
蛋壳 公寓 完成 万美元 B轮 融资 老虎 环球 基金 领投 ,1
豆瓣 分 好评 动画 我 的 三体 实为 游族 作品 ,1
高通 推出 骁龙 平台 支持 全 互联 PC ,1
中国 监管 机构 对 三星 等 发起 DRAM 芯片 价格 垄断 调查 ,0
上海 推动 自动 驾驶 技术 在 港口 等 特定 场景 落地 ,1
东芝 出售 PC 业务 给 夏普 金额 亿日元 转让 股份 ,1
直击 刘强 东京 东推 太阳能 快递 车 一年 可 减排 万吨 碳 ,1
小签 科技 获胡润 百富 中国 最具 投资 价值 新星 ,1
疯狂 摩擦 腾讯 张一鸣 的 算盘 打得响 ,1
传 比特 大陆 密访 台积 电 聚焦 新 挖矿 晶片 合作 ,1
不 知名 的 微软 创始人 是 个 身家 亿 的 天才 单身汉 ,1
传 微软 同意 收购 代码 托管 平台 GitHub 本周一 将 公布 ,1
腾讯 视频 一键 进入 少儿 模式 为 儿童 的 健康成长 保驾护航 ,1
共享 按摩椅 整合 碎片 时间 实现 合作 共赢 ,1
探营 贵州茅台 数字化 创新 玄讯 CRM 谈 白酒 行业 营销 突围 ,1
直击 商汤 科技 C 轮 融资 亿美元 估值 超过 亿美元 ,1
市场潜力 大 无人 货运 商业化 抢跑 ,1
我国 已 开始 着手 建立 区块 链 国家标准 ,1
IBM 发布 AI 区块 链 应用 即将 运用 于 钻石 供应链 ,1
拒绝 跟 跑 的 科研 人硬 科技 铸成 国之 重器 ,1
美国 计划 对 中国 高科技 及 制造 专业 留学生 实施 签证 限制 ,0
收购 Uber 东南亚 业务 后 打车 服务商 Grab 进军 外卖 业 ,1
传 小米 敲定 月 上中旬 挂牌 将 在 月底 路演 ,1
新浪 对话 杨元庆 越来越 扛得住 被 黑 将 重建 手机 市场 ,1
旅图 运用 AI 构建 D 超高 清 全球 地图 助力 智慧 城市 建设 ,1
联想 投票 门 背后 是 中国 与 美日欧 多年 的 生死 暗战 ,0
数据 工会 在 荷兰 成立 拟 联合 全球 用户 维护 数据 权益 ,1
法国 总统 天下 没有 免费 午餐 希望 科技 公司 给出 承诺 ,1
小米 线下 经销商 遭 盈利 难题 新 零售 模式 或陷 多重 困局 ,0
富士康 今日 申购 发行价 元 募集 额创 A股 近年 纪录 ,1
大 数据 杀熟 究竟 到 了 什么 程度 消费者 讲述 ,0
联想 没有 投 华为 根本 不必 向 任何人 解释 ,0
北京市委 书记 走访 中关村 称赞 联想 扛起 民族 产业 大旗 ,1
三星 今年 开始 生产 纳米 芯片 明年 批量生产 ,1
高盛 亚马逊 将 大举 开拓 金融业务 但 不太可能 开 银行 ,1
开球 超高 清 视界 盛宴 ,1
英特尔 微软 公布 漏洞 出现 新 变体 未来 几周 发布 补丁 ,0
联想 与 富士通 合资 公司 开发 AI 设备 能 读懂 表情 ,1
人工智能 如何 落地 开花 ,1
破 互联网 思维 潞盈 打造 建材 轻 购买 商业 新 模式 ,1
上海 美博会 明日 开幕 EASTERNSOO 强势 登场 ,1
英 伟达 新 技术 教 机器人 通过观察 人类 来 学习 ,1
直击 微软 推个 计划 将 为 万余 AI 人才 免费 授课 ,1
焦点访谈 评 滴滴 顺风 车 命案 织牢 网约车 安全网 ,1
爱奇艺 发布 iQUT 未来 影院 移动 观影 千亿 新 市场 初露端倪 ,0
信用 债 违约 潮 爆发 民营企业 很 受伤 ,0
全民 表白 日饷 拍 猎人 邀 你 秀 担当 ,1
刘强 东 谣言 对 企业 伤害 极大 已 成为 商业 社会 的 毒瘤 ,0
亚马逊 CEO 贝索斯 创新者 要 愿意 接受 被 误解 ,0
中国 发布 公有 链 技术 排名 以太 坊 第一 比特 币 第位 ,1
泛宇 生命 生物 基因 研发 中心 正式 启动 ,1
G 标准 投票 回放 联想 有没有 捅 刀 华为 为何 被 批 不 爱国 ,0
不 懂 区块 链 没关系 投资 前 谨记 天上 不会 掉 馅饼 ,1
协鑫集成 因 光伏 组件 不 赚钱 要 进军 半导体 行 ,1
纽约时报 剑桥 分析 遭 美国司法部 和 联邦调查局 调查 ,0
加密 货币 公司 Circle 获 亿美元 融资 比特 大陆 领投 ,1
苹果 CEO 库克 特朗普 处理 中 美 贸易 的 做法 不妥 ,1
酷派 起诉 小米 侵权 背后 专利 战 或 将 成为 常态 ,0
宝马 在 中国 首获 自动 驾驶 路试 牌照 ,1
专家 谈 吹捧 中国 科技 别 动不动 就 震惊 了 美国 人慌 了 ,1
前谷 歌风 投 技术 合伙人 加盟 创新 工场 任 首席 数据 科学家 ,1
环球时报 社评 美国 恢复 中兴 业务 业 有利于 维护 信誉 ,1
捧杀 华为 贬低 联想 谁 在 让 Polar 码 投票 成 闹剧 ,0
路透社 虎牙 IPO 定价 美元 位于 招股 区间 高 段 ,1
传谷 歌正 开发 款 智能 手表 预计 今年 秋天 面世 ,1
华为 手机 将 预装 比特 币 钱包 本 周五 可 开始 下载 ,1
亚马逊 公布 云 业务 数据 预期 收入 至少 亿美元 ,1
外媒 OPPOF 投机取巧 人为 提高 手机 性能 ,1
继 迪拜 洛杉矶 后 Uber 再选 飞行 出租 国际 城市 ,1
区块 链 技术 国家标准 将 制定 业内 安全性 须 高度重视 ,1
厂商 打出 区块 链 手机 概念 噱头 大于 应用 ,0
分析师 大胆 预测 微软 或 将 收购 Netflix ,1
Uber 与 NASA 签订协议 共同 探索 城市 空中交通 ,1
直击 英特尔 投资 万美元 投家 公司 家 来自 中国 ,1
巨头 的 未来 AI 之战 微软 向左走 B 谷歌 向右走 C ,1
全球 最大 独角兽 蚂蚁 金服 为何 今年 开始 亏损 ,0
微软 运行 Windows 系统 的 设备 数量 已 接近 亿 ,1
传 高通 计划 放弃 服务器 芯片 开发 或 为 其 寻找 买家 ,0
谷歌 IO 大会 大 看点 有 Android 系统 全面 更新 ,1
K 郑志刚 投资 Aibee 亿元 资金 双方 将 展开 战略 合作 ,1
改变 世界 看法 华录 激光 影院 霸气 上市 ,1
乐高 和 亚马逊 合作 推出 会 讲故事 的 互动 积木 游戏 项目 ,1
研究者 又 发现 个 CPU 新 漏洞 英特尔 ARM 等 芯片 受 影响 ,0
研究者 发现 新型 攻击方式 可 利用 GPU 破坏 Android 手机 ,0
谁 会 成为 新能源 出行 市场 独角兽 ,1
Marketin 斩获 金 鼠标 数字 营销 大赛 双项 大奖 ,1
花链 区块 链 引爆 颠覆性 变革 肇启 花卉 风口 新 高度 ,1
罗晓春 荣获 中国 金融 科技 风云人物 奖 ,1
禾赛 宣布 完成 亿元 B轮 融资 光速 中国 和 百度 领投 ,1
中国 科技 独角兽 前赴后继 IPO 估值 合计 超 亿美元 ,1
京东 拟 亿元 认购 雷鸟 科技 新增 股份 持股 ,1
探访 贾跃亭 国内 造车 基地 办公室 有人 官方 积极 推进 ,1
小米 将 赴 港 上市 业界 却 称 港版 新 经济 打新 不 一定 赚钱 ,0
百度 DuerOS 与 中国联通 合作 联合 打造 智能 产品 ,1
民生银行 与 华为公司 成立 联合 创新 实验室 ,1
中国 视觉 技术 和 应用 创新 国际 峰会 月 即将 盛大 开幕 ,1
中国 制造业 数字化 转型 国际 峰会 即将 在 上海 盛大举行 ,1
明 起 北京地铁 全网 可扫码 乘坐 可享 累计 优惠政策 ,1
联发科 深夜 声明 申请 对 中兴通讯 的 出口 许可 ,1
BATJ 各找 场景 大力 布局 区块 链不玩币 圈 更 不 碰 ICO ,1
广电总局 中国 电视 动画 创作 最大 问题 是 急功近利 ,1
中兴 遭禁 背后 G 技术 与 市场 利益 的 博弈 ,0
李开复 人工智能 四波 浪潮 给 中国 带来 很多 机会 ,1
黑色 星期二 科技 四 巨头 FANG 市值 单日 蒸发 亿美元 ,0
涉嫌 内幕交易 CanyonBridge 华裔 高管 在 美 被 定罪 ,0
亚马逊 证实 将 发布 新 FireTV 机顶盒 已 开启 预订 ,1
建 第三方 账户 苹果 将 开始 向 爱尔兰 支付 亿 欧元 退税 ,1
人民日报 亟须 开启 新一轮 全球 视野 下 的 自主 创新 浪潮 ,0
首钢 的 芯酸 往事 从 试图 自主 到 放弃 芯梦 ,0
我国 芯片 怎么 补短 板 人才 缺口 万 论文 难发 待遇 低 ,0
谷歌 CEO 皮 猜 万股 股份 本周 三 解禁 市值 亿美元 ,1
互联网 巨头 中 是否 能 诞生 一个 芯片 巨无霸 企业 ,1
京东 金融 陈生 强谈 数字 经济 从 数字 中 来到 实体 中 去 ,1
工信部 我国 芯片 产业 取得 长足进步 约 为 全球 增速 倍 ,1
工信 部副 部长 陈肇雄 从 四方面 推动 大 数据 发展 ,1
烧钱 持续 多久 资本 称 容忍 造车 新 势力 试错 期限 仅年 ,0
人民日报 谈 北斗 地图 App 少 拿 高科技 当 名头 搞 忽悠 ,0
历史 惊人 相似 三十多年 前 的 美日 贸易 和 广场 协议 ,0
阿里 全资 收购 中天 微 自主 研发 中国芯 ,1
美 官员 表示 将 紧急 立法 限制 中方 投资 敏感 技术 领域 ,0
时代华纳 CEO 与 ATT 合并 才能 与 互联网 巨头 竞争 ,0
人民日报 评论 强 起来 离不开 自主 创芯 ,1
中兴 遭美 商务部 年 禁令 相关 产业链 上 公司 受 波及 ,0
全面 封杀 美国 页 公告 详解 对 中兴 出口 禁令 出炉 全程 ,0
商务部 随时 准备 采取 必要措施 维护 中国 企业 权益 ,1
外媒 美国 考虑 就 中国 限制 科技领域 贸易 采取 新 行动 ,0
新 组建 的 国家广播 电视总局 日 上午 正式 揭牌 ,1
谷歌用 AI 从 嘈杂 环境 中 提取 独立 音轨 或存 隐私 担忧 ,0
与 百度 合作 无人 车遭 泄密 小康 股份 被 问询 后忙 改口 ,0
高通 前 董事长 欲个 月 私有化 高通 将 亲自 运营 该 公司 ,0
传 小米 考虑 收购 GoPro 后者 股价 飙升 ,1
SpaceX 发起 亿美元 融资 估值 飙升 至 亿美元 ,1
一季度 全球 PC 出货量 万台 惠普 第一 联想 第二 ,1
第 次 招商银行 信用卡 荣获 中国 品牌 力 指数 第一名 ,1
招行 首推 万达电影 联名 信用卡 打造 电影 行业 跨界 新 标杆 ,1
苹果 打喷嚏 中国 女 首富 就 重感冒 亿个 小时 就 没 了 ,0
直面 数字化 转型 深水 区 IT 厂商 掘金 万 亿美金 大 蛋糕 ,1
谷歌 携手 美国 医学 协会 促进 健康 监测 设备 数据共享 ,1
消息 称 蚂蚁 金服 上市 前换帅 彭蕾 卸任 董事长 ,0
迪拜 公司 否认 侵犯 阿里巴巴 商标权 名字 取自 中东 传说 ,0
苏泊尔 亿 回购 股权 高端 转型 背后 存 隐忧 ,0
占 无锡 外卖 市场 滴滴 外卖 疑刷 单日 订单 翻倍 ,0
倾向 分拆 上市 多家 互联网 医疗 独角兽 拟 冲刺 IPO ,1
携程 快手 京东 都 在 道歉 这 是 大 平台 的 危机 时刻 么 ,0
暴风 狠 撕 小米 最大 赢家 竟是 ,1
连诉 三家 黑莓 又 指控 Snapchat 使用 其 专利技术 ,0
FB 内部 白皮书 特朗普 竞选 团队 更 擅长 利用 平台 影响力 ,0
胡玮炜 资本 是 助推 你 的 但 最后 你 都 得 还 回去 ,0
教育部 北大 创新 工场 联合推出 AI 人才 国际 培养 计划 ,1
收购 贝美 互动 酷旗 这次 准备 下 盘 怎样 的 棋 ,1
瑞士 研究 人员 比特 币 市值 年内 将 缩水 逾 三分之一 ,0
沃尔玛 欲 收购 在线 药店 PillPack 交易额 亿美元 以下 ,1
阿里 起诉 迪拜 公司 责 后者 Alibabacoins 盗用 商标 ,0
上海铁路局 推出 什么 值得 买 首批 纪念 票试 水 高铁 票 市场化 ,1
CA 曾 将 FB 泄密 数据 提供 给 特朗普 国家 安全 顾问 博尔顿 ,0
黄仁勋 区块 链 将 继续 存在 希望 加密 货币 成 GPU 主动力 ,1
科技 无障碍 发展 大会 举办 人工智能 和 创新 成 高频词 ,1
上市 只是 B 站 的 一剂 止疼药 ,0
惠普 首席 运营官 JonFlaxman 逝世 享年 岁 ,0
